topic,keywords,source_title,source_type,content,caution
Diabetes with CKD,"diabetes;A1c;glucose;creatinine;eGFR;albuminuria;kidney",GOJO Clinical Knowledge Pack - Diabetes Kidney Risk,local_ground_truth,"In adults with diabetes, elevated A1c with reduced eGFR or albuminuria should trigger medication adherence review, kidney-protective risk reduction, blood pressure review, and repeat renal monitoring. Do not infer medication changes without clinician review and patient-specific contraindications.",moderate
COPD exacerbation,"COPD;wheezing;oxygen;saturation;shortness of breath;inhaler;steroid",GOJO Clinical Knowledge Pack - COPD Exacerbation,local_ground_truth,"Recent COPD exacerbation or low oxygen saturation warrants follow-up after discharge, inhaler technique review, rescue medication education, and return precautions for worsening dyspnea, fever, chest pain, confusion, or persistent low oxygen saturation.",high
Heart failure transition,"heart failure;BNP;edema;dyspnea;potassium;creatinine;daily weight",GOJO Clinical Knowledge Pack - Heart Failure Follow-up,local_ground_truth,"After heart failure decompensation, second-opinion review should focus on volume status, daily weights, sodium intake, medication reconciliation, renal function, potassium, and early cardiology or primary-care follow-up. Acute dyspnea, chest pain, syncope, or rapid weight gain needs urgent evaluation.",high
Iron deficiency anemia,"anemia;hemoglobin;ferritin;MCV;iron;fatigue",GOJO Clinical Knowledge Pack - Iron Deficiency Anemia,local_ground_truth,"Low hemoglobin with low MCV and low ferritin is compatible with iron deficiency anemia. Follow-up should consider symptoms, bleeding history, diet, medication tolerance, and whether gastrointestinal or gynecologic evaluation is needed based on age and clinical context.",moderate
Thyroid postpartum,"thyroid;TSH;free T4;postpartum;palpitations",GOJO Clinical Knowledge Pack - Postpartum Thyroid Monitoring,local_ground_truth,"Mild thyroid test abnormalities after pregnancy should be interpreted with symptoms, free T4, timing postpartum, and repeat testing. Palpitations, severe symptoms, or abnormal free T4 may require closer clinical evaluation.",moderate
Emergency red flags,"chest pain;stroke;weakness;confusion;severe bleeding;suicidal;emergency",GOJO Clinical Knowledge Pack - Emergency Red Flags,local_ground_truth,"For severe chest pain, stroke-like weakness, severe breathing difficulty, uncontrolled bleeding, loss of consciousness, suicidal intent, or rapidly worsening symptoms, advice should escalate to emergency services rather than routine outpatient planning.",high
Medication safety,"medication;drug;dose;interaction;pregnancy;allergy;renal",GOJO Clinical Knowledge Pack - Medication Safety,local_ground_truth,"Medication decisions require patient-specific allergies, kidney/liver function, pregnancy status, current medication list, and clinician judgment. The assistant should not prescribe or change doses; it can suggest what information the clinician should verify.",high
Cancer treatment safety,"cancer;oncology;tumor;chemotherapy;radiation;biopsy;staging;metastasis",GOJO Clinical Knowledge Pack - Oncology Safety,local_ground_truth,"Cancer treatment decisions require confirmed diagnosis, cancer type, stage, pathology, biomarkers when relevant, performance status, organ function, treatment intent, and oncology review. The assistant should not suggest a cure or treatment regimen; it can suggest what records and specialist inputs the clinician should verify.",high
Orthopedic imaging safety,"fracture;xray;ct;bone;orthopedic;tibia;knee;finger;dislocation;immobilization",GOJO Clinical Knowledge Pack - Orthopedic Imaging Safety,local_ground_truth,"Suspected fracture or dislocation should be correlated with pain location, neurovascular exam, swelling, open wound status, mechanism of injury, and formal radiology/orthopedic review. Consider immobilization, non-weight-bearing precautions, urgent evaluation for open fracture, neurovascular compromise, compartment syndrome signs, or severe uncontrolled pain.",high
